Code,Country,ISO2,Country Code
ad,Andorra,ad,376
ae,United Arab Emirates,ae,971
af,Afghanistan,af,93
ag,Antigua and Barbuda,ag,1268
ai,Anguilla,ai,1264
al,Albania,al,355
am,Armenia,am,374
an,Netherlands Antilles,an,599
ao,Angola,ao,244
ar,Argentina,ar,54
at,Austria,at,43
au,Australia,au,61
aw,Aruba,aw,297
az,Azerbaijan,az,994
ba,Bosnia and Herzegovina,ba,387
bb,Barbados,bb,1246
bd,Bangladesh,bd,880
be,Belgium,be,32
bf,Burkina Faso,bf,226
bg,Bulgaria,bg,359
bh,Bahrain,bh,973
bi,Burundi,bi,257
bj,Benin,bj,229
bm,Bermuda,bm,1441
bn,Brunei,bn,673
bo,Bolivia,bo,591
br,Brazil,br,55
bs,Bahamas,bs,1242
bt,Bhutan,bt,975
bw,Botswana,bw,267
by,Belarus,by,375
bz,Belize,bz,501
ca,Canada,ca,1
cd,Democratic Republic of the Congo,cd,243
cf,Central African Republic,cf,236
cg,Republic of the Congo,cg,242
ch,Switzerland,ch,41
ci,Ivory Coast,ci,225
ck,Cook Islands,ck,682
cl,Chile,cl,56
cm,Cameroon,cm,237
cn,Republic of China,cn,86
co,Colombia,co,57
cr,Costa Rica,cr,506
cu,Cuba,cu,53
cv,Cape Verde,cv,238
cx,Christmas Island,cx,61
cy,Cyprus,cy,357
cz,Czech Republic,cz,420
de,Germany,de,49
dj,Djibouti,dj,253
dk,Denmark,dk,45
dm,Dominica,dm,1767
do,Dominican Republic,do,1809
dz,Algeria,dz,213
ec,Ecuador,ec,593
ee,Estonia,ee,372
eg,Egypt,eg,20
er,Eritrea,er,291
es,Spain,es,34
et,Ethiopia,et,251
fi,Finland,fi,358
fj,Fiji,fj,679
fk,Falkland Islands,fk,500
fm,Micronesia,fm,691
fo,Faroe Islands,fo,298
fr,Réunion,fr,262
ga,Gabon,ga,241
gb,United Kingdom,gb,44
gd,Grenada,gd,1473
ge,Georgia,ge,995
gh,Ghana,gh,233
gi,Gibraltar,gi,350
gl,Greenland,gl,299
gm,Gambia,gm,220
gn,Guinea,gn,224
gq,Equatorial Guinea,gq,240
gr,Greece,gr,30
gt,Guatemala,gt,502
gw,Guinea-Bissau,gw,245
gy,Guyana,gy,592
hk,Hong Kong,hk,852
hn,Honduras,hn,504
hr,Croatia,hr,385
ht,Haiti,ht,509
hu,Hungary,hu,36
id,Indonesia,id,62
ie,Ireland,ie,353
il,Israel,il,972
in,India,in,91
io,Diego Garcia,io,246
iq,Iraq,iq,964
ir,Iran,ir,98
it,Italy,it,39
jm,Jamaica,jm,1876
jo,Jordan,jo,962
jp,Japan,jp,81
ke,Kenya,ke,254
kg,Kyrgyzstan,kg,996
kh,Cambodia,kh,855
ki,Kiribati,ki,686
km,Comoros,km,269
kn,St. Kitts and Nevis,kn,1869
kp,North Korea,kp,850
kr,South Korea,kr,82
kw,Kuwait,kw,965
ky,Cayman Islands,ky,1345
kz,Kazakhstan,kz,7
la,Laos,la,856
lb,Lebanon,lb,961
lc,St. Lucia,lc,1758
li,Liechtenstein,li,423
lk,Sri Lanka,lk,94
lr,Liberia,lr,231
ls,Lesotho,ls,266
lt,Lithuania,lt,370
lu,Luxembourg,lu,352
lv,Latvia,lv,371
ly,Libya,ly,218
ma,Morocco,ma,212
mc,Monaco,mc,377
md,Moldova,md,373
me,Montenegro,me,382
mg,Madagascar,mg,261
mh,Marshall Islands,mh,692
mk,Macedonia,mk,389
ml,Mali,ml,223
mm,Burma,mm,95
mn,Mongolia,mn,976
mo,Macau,mo,853
mp,Mariana Island,mp,1670
mr,Mauritania,mr,222
ms,Montserrat,ms,1664
mt,Malta,mt,356
mu,Mauritius,mu,230
mv,Maldives,mv,960
mw,Malawi,mw,265
mx,Mexico,mx,52
my,Malaysia,my,60
mz,Mozambique,mz,258
na,Namibia,na,264
nc,New Caledonia,nc,687
ne,Niger,ne,227
ng,Nigeria,ng,234
ni,Nicaragua,ni,505
nl,Netherlands,nl,31
no,Norway,no,47
np,Nepal,np,977
nr,Nauru,nr,674
nu,Niue,nu,683
nz,New Zealand,nz,64
om,Oman,om,968
pa,Panama,pa,507
pe,Peru,pe,51
ph,Philippines,ph,63
pk,Pakistan,pk,92
pl,Poland,pl,48
pm,Saint-Pierre and Miquelon,pm,508
pr,Puerto Rico,pr,1
ps,Palestine,ps,970
pt,Portugal,pt,351
pw,Palau,pw,680
py,Paraguay,py,595
qa,Qatar,qa,974
ro,Romania,ro,40
rs,Serbia,rs,381
ru,Russia,ru,7
rw,Rwanda,rw,250
sa,Saudi Arabia,sa,966
sb,Solomon Islands,sb,677
sc,Seychelles,sc,248
sd,Sudan,sd,249
se,Sweden,se,46
sg,Singapore,sg,65
sh,St. Helena,sh,290
si,Slovenia,si,386
sk,Slovakia,sk,421
sl,Sierra Leone,sl,232
sm,San Marino,sm,378
sn,Senegal,sn,221
so,Somalia,so,252
sr,Surinam,sr,597
st,São Tomé and Príncipe,st,239
sv,El Salvador,sv,503
sy,Syria,sy,963
sz,Swaziland,sz,268
tc,Turks and Caicos Islands,tc,1649
td,Chad,td,235
tg,Togo,tg,228
th,Thailand,th,66
tj,Tajikistan,tj,992
tl,East Timor,tl,670
tm,Turkmenistan,tm,993
tn,Tunisia,tn,216
to,Tonga,to,676
tr,Turkey,tr,90
tt,Trinidad and Tobago,tt,1868
tv,Tuvalu,tv,688
tw,Taiwan,tw,886
tz,Tanzania,tz,255
ua,Ukraine,ua,380
ug,Uganda,ug,256
us,United States,us,1
uy,Uruguay,uy,598
uz,Uzbekistan,uz,998
va,Vatican City,va,39
vc,St. Vincent and the Grenadines,vc,1784
ve,Venezuela,ve,58
vg,British Virgin Islands,vg,1284
vi,Virgin Islands,vi,1340
vn,Vietnam,vn,84
vu,Vanuatu,vu,678
wf,Wallis and Futuna,wf,681
ws,Samoa,ws,685
xk,Kosovo,xk,381
ye,Yemen,ye,967
za,South Africa,za,27
zm,Zambia,zm,260
zw,Zimbabwe,zw,263
